Patient_ID,Country,State,Date,Confirmed,Deaths,Recovered,Active,Tests_Conducted,Vaccinated
Case_1,Germany,DL,2020-02-07,98539,3980,93347.0,1212,51057,73349
Case_2,France,UP,2020-12-01,21440,144,831.0,20465,181172,7751
Case_3,Brazil,GJ,2020-08-25,31228,3462,5450.0,22316,22758,45413
Case_4,India,UP,2020-09-09,19946,4764,3000.0,12182,93740,31959
Case_5,USA,KA,2020-08-29,26103,3550,7831.0,14722,34878,99335
Case_6,Spain,UP,2020-11-15,3606,1337,1045.0,1224,129896,61756
Case_7,Italy,MH,2020-07-28,95496,728,55957.0,38811,132503,36842
Case_8,Italy,DL,2020-05-01,82462,1095,66185.0,15182,193049,99641
Case_9,Brazil,PB,2020-01-04,56260,2840,14803.0,38617,131091,34380
Case_10,Germany,PB,2020-01-27,1844,1360,1223.0,-739,96529,28114
Case_11,Brazil,RJ,2020-01-16,93248,2244,80935.0,10069,123594,13783
Case_12,India,TN,2020-10-09,75368,1046,26533.0,47789,151503,83070
Case_13,UK,DL,2020-10-06,60797,3428,44258.0,13111,81805,20793
Case_14,Germany,PB,2020-03-24,93350,648,18310.0,74392,188810,44810
Case_15,Brazil,GJ,2020-10-06,34447,2799,10102.0,21546,1243,99676
Case_16,USA,KA,2020-03-15,99518,4791,24445.0,70282,14681,75597
Case_17,Germany,DL,2020-09-16,52096,461,1146.0,50489,161308,53717
Case_18,UK,UP,2020-01-03,63052,4059,32183.0,26810,34483,88327
Case_19,Spain,GJ,2020-03-18,54347,1067,41527.0,11753,90630,9764
Case_20,Spain,MH,2020-12-25,42759,3885,29507.0,9367,106980,80082
Case_21,France,GJ,2020-04-06,65805,3082,42998.0,19725,82788,64337
Case_22,Germany,UP,2020-06-01,91850,2464,39486.0,49900,180393,90718
Case_23,France,DL,2020-03-01,49304,3410,44325.0,1569,3178,46946
Case_24,USA,GJ,2020-09-23,87904,-1874,36234.0,49796,118958,47810
Case_25,India,MH,2020-11-23,81895,2224,74712.0,4959,147309,79249
Case_26,UK,MH,2020-06-19,65556,1968,,20838,73165,2033
Case_27,UK,TN,2020-04-24,22197,1876,19115.0,1206,57416,82103
Case_28,Italy,DL,2020-11-13,40665,405,,35666,57416,33273
Case_29,France,TN,2020-01-26,37774,2189,29978.0,5607,91923,69254
Case_30,Spain,DL,2020-07-24,33464,1979,11424.0,20061,163953,8642
Case_31,India,MH,2020-07-18,,2468,11216.0,14785,20192,71701
Case_32,France,UP,2020-10-23,51889,2417,17636.0,31836,115088,71118
Case_33,Germany,PB,2020-02-15,44956,4547,,23423,81846,63872
Case_34,Italy,PB,2020-03-04,17227,4641,6345.0,6241,186812,70704
Case_35,France,RJ,2020-11-06,89376,253,58601.0,30522,179898,50204
Case_36,Germany,DL,2020-08-10,,109,1767.0,22006,49160,28168
Case_37,France,GJ,2020-03-25,29234,591,21897.0,6746,116520,56940
Case_38,France,DL,2020-07-30,59416,1137,31790.0,26489,155388,67628
Case_39,UK,UP,2020-09-28,67230,475,39696.0,27059,162267,89875
Case_40,France,PB,2020-09-08,92395,4182,51044.0,37169,131101,82798
Case_41,Brazil,PB,2020-08-31,53348,2788,26948.0,23612,7035,68035
Case_42,USA,DL,2020-10-07,44755,2277,37356.0,5122,145261,26703
Case_43,India,PB,2020-03-04,16241,1111,,9545,117522,94914
Case_44,USA,KA,2020-08-04,26338,3742,2978.0,19618,147620,3572
Case_45,Germany,UP,2020-07-25,17571,4561,3453.0,9557,77457,39370
Case_46,France,GJ,2020-07-24,91462,3302,56406.0,31754,79896,690
Case_47,Spain,GJ,2020-10-27,57961,2230,1385.0,54346,199135,51984
Case_48,USA,TN,2020-10-02,14089,4720,3117.0,6252,186199,63626
Case_49,Italy,MH,2020-05-03,4420,3342,815.0,263,113814,68988
Case_50,UK,UP,2020-05-11,96696,1880,48360.0,46456,78742,78390
Case_51,Spain,TN,2020-03-12,,2574,32109.0,13953,78209,30517
Case_52,France,GJ,2020-07-31,86521,3002,13860.0,69659,124506,87790
Case_53,Spain,MH,2020-02-14,76837,150,62026.0,14661,139572,37240
Case_54,India,DL,2020-11-11,24474,1996,979.0,21499,104127,74151
Case_55,Italy,KA,2020-05-05,35883,4978,26885.0,4020,174659,49776
Case_56,Spain,DL,2020-09-10,58181,2465,39578.0,16138,162178,78520
Case_57,USA,RJ,2020-03-14,66137,4635,,46608,63465,43346
Case_58,Brazil,MH,2020-05-07,57950,4064,196.0,53690,172860,74270
Case_59,India,UP,2020-12-25,33856,1174,9210.0,23472,91764,23847
Case_60,USA,PB,2020-08-18,46163,1200,29462.0,15501,134574,84749
Case_61,India,UP,2020-06-13,48534,1474,7964.0,39096,93636,53497
Case_62,France,RJ,2020-12-17,35721,1465,6193.0,28063,56661,84726
Case_63,Brazil,GJ,2020-08-09,14028,4946,1378.0,7704,66419,16489
Case_64,UK,TN,2020-02-06,95376,-803,82318.0,12255,124093,43101
Case_65,India,PB,2020-06-13,45677,4944,26450.0,14283,105776,13954
Case_66,France,MH,2020-08-15,46505,3364,39621.0,3520,161936,5138
Case_67,India,RJ,2020-08-13,7078,-319,4531.0,2228,166422,80089
Case_68,Brazil,MH,2020-04-22,2559,2562,739.0,-742,193206,25291
Case_69,france,DL,2020-06-19,4890,4328,3296.0,-2734,45927,62864
Case_70,Germany,KA,2020-02-07,,1803,1107.0,20619,101870,75872
Case_71,UK,MH,2020-05-22,18532,4439,6337.0,7756,1379,68128
Case_72,Germany,UP,2020-04-20,59227,3046,20449.0,35732,40040,20118
Case_73,France,MH,2020-04-07,28102,1700,21044.0,5358,94669,91750
Case_74,Germany,PB,2020-08-10,44409,818,27506.0,16085,162237,10983
Case_75,India,MH,2020-06-06,24571,1018,12765.0,10788,120944,33712
Case_76,Spain,GJ,2020-06-07,13719,732,4823.0,8164,3791,93324
Case_77,Spain,MH,2020-05-25,94970,417,16624.0,77929,15313,29643
Case_78,India,PB,2020-12-03,60037,42,33839.0,26156,123804,59193
Case_79,UK,RJ,2020-11-08,89943,373,40909.0,48661,139952,38704
Case_80,India,GJ,2020-10-02,5516,153,5183.0,180,170220,69592
Case_81,India,PB,2020-06-04,2994,2884,1327.0,-1217,166562,60940
Case_82,Italy,TN,2020-05-10,1888,1423,1532.0,-1067,87522,16202
Case_83,Brazil,DL,2020-06-07,61371,3717,53035.0,4619,166727,13920
Case_84,Italy,KA,2020-08-24,,4707,60170.0,11186,190331,40781
Case_85,France,RJ,2020-02-03,26628,2599,8072.0,15957,163883,64674
Case_86,Brazil,TN,2020-06-11,86058,3918,42328.0,39812,69646,28336
Case_87,UK,KA,2020-05-02,22225,3845,16599.0,1781,109763,6645
Case_88,Brazil,TN,2020-10-23,37061,1486,17824.0,17751,91985,41294
Case_89,UK,RJ,2020-02-03,92699,4787,11726.0,76186,118790,41899
Case_90,Germany,PB,2020-06-23,17417,4931,13574.0,-1088,71454,1983
Case_91,Germany,RJ,2020-08-15,9808,3356,939.0,5513,166312,38309
Case_92,Brazil,TN,2020-11-30,71015,454,30346.0,40215,149114,38392
Case_93,USA,DL,2020-02-09,76572,1590,62901.0,12081,179522,86972
Case_94,Italy,TN,2020-12-28,32839,1627,,1825,148923,61624
Case_95,Spain,PB,2020-02-21,76704,4812,54725.0,17167,152647,60777
Case_96,Germany,UP,2020-07-23,76916,-1389,57438.0,18089,88014,63890
Case_97,USA,TN,2020-08-09,77842,52,36144.0,41646,149947,24953
Case_98,Germany,GJ,2020-08-09,59565,2795,29946.0,26824,179959,97479
Case_99,UK,TN,2020-06-25,24988,4891,2893.0,17204,75566,37208
Case_100,Spain,GJ,2020-08-02,83467,1473,50428.0,31566,129691,32738
Case_101,Brazil,GJ,2020-12-08,19903,3734,18770.0,-2601,117327,28114
Case_102,UK,TN,2020-06-17,70316,2923,49964.0,17429,21720,3425
Case_103,France,MH,2020-03-23,89975,967,13699.0,75309,173046,94884
Case_104,USA,PB,2020-01-27,58272,897,9200.0,48175,149824,53026
Case_105,Brazil,RJ,2020-12-16,39445,-2244,19301.0,17900,53577,57995
Case_106,Germany,PB,2020-11-28,21060,2221,13700.0,5139,87791,99079
Case_107,USA,DL,2020-09-03,54561,263,52381.0,1917,147821,59325
Case_108,Spain,TN,2020-04-28,80743,3250,37306.0,40187,117990,62816
Case_109,UK,PB,2020-04-24,28029,4188,19105.0,4736,42625,85481
Case_110,Germany,PB,2020-09-04,,269,44781.0,20327,93373,74139
Case_111,UK,DL,2020-06-15,60577,1022,42754.0,16801,99549,94321
Case_112,Germany,KA,2020-04-24,6172,2915,1021.0,2236,49307,4162
Case_113,France,UP,2020-11-19,12106,928,6986.0,4192,32653,42350
Case_114,Brazil,DL,2020-11-24,67948,3864,28892.0,35192,99685,80736
Case_115,France,RJ,2020-08-12,29993,2200,9236.0,18557,175073,26915
Case_116,Brazil,TN,2020-11-14,56638,3965,38686.0,13987,128225,89133
Case_117,Brazil,PB,2020-12-10,19370,4153,9489.0,5728,53000,4456
Case_118,Spain,GJ,2020-02-03,97782,4742,36149.0,56891,82203,50719
Case_119,Germany,PB,2020-09-08,12429,2460,10750.0,-781,44805,54850
Case_120,USA,MH,2020-08-27,65597,3795,60523.0,1279,104144,95138
Case_121,UK,UP,2020-10-13,88249,2144,15624.0,70481,4580,29486
Case_122,Brazil,DL,2020-12-05,39721,504,32513.0,6704,174944,24062
Case_123,Italy,MH,2020-04-20,80888,3574,17268.0,60046,111857,64636
Case_124,France,MH,2020-08-06,34299,3146,7258.0,23895,21343,46246
Case_125,Italy,KA,2020-10-20,11819,-3175,10370.0,-1726,192174,79895
Case_126,Germany,UP,2020-08-02,23591,31,3842.0,19718,56480,15191
Case_127,Germany,TN,2020-03-07,28426,1492,13194.0,13740,7942,32643
Case_128,India,MH,2020-12-30,49851,-3637,8770.0,37444,116440,71542
Case_129,Italy,DL,2020-11-01,41418,4971,32553.0,3894,33584,35367
Case_130,UK,MH,2020-12-19,39815,4878,23354.0,11583,56211,72765
Case_131,France,KA,2020-12-07,4644,780,2159.0,1705,60254,17690
Case_132,Italy,KA,2020-12-04,92133,2810,,50309,70132,1769
Case_133,Spain,PB,2020-12-21,32025,741,8088.0,23196,109012,95851
Case_134,Brazil,DL,2020-02-25,28096,3548,16536.0,8012,84260,82098
Case_135,India,RJ,2020-06-09,39130,-4372,934.0,33824,148905,24272
Case_136,Germany,KA,2020-11-04,19545,2835,13435.0,3275,90664,62463
Case_137,France,PB,2020-02-12,38703,3989,777.0,33937,27618,93068
Case_138,UK,RJ,2020-01-19,67533,472,24033.0,43028,41410,66855
Case_139,Spain,TN,2020-12-20,,1510,18735.0,35322,5450,16511
Case_140,Brazil,PB,2020-08-26,63520,2055,27568.0,33897,135194,46770
Case_141,USA,GJ,2020-06-09,35627,2757,23769.0,9101,28313,95569
Case_142,Spain,RJ,2020-08-11,4861,4501,235.0,125,87702,26796
Case_143,Germany,PB,2020-08-07,76937,511,11594.0,64832,175175,56507
Case_144,UK,PB,2020-08-17,14973,3487,5116.0,6370,148540,5353
Case_145,India,GJ,2020-03-09,31798,4121,26211.0,1466,9603,83706
Case_146,Germany,KA,2020-02-26,14940,776,4773.0,9391,52053,55217
Case_147,France,PB,2020-01-12,62600,2199,16176.0,44225,114874,58373
Case_148,Brazil,GJ,2020-06-19,11054,117,3301.0,7636,44917,17042
Case_149,USA,DL,2020-05-31,85549,479,54265.0,30805,188297,77753
Case_150,USA,KA,2020-06-17,98632,1302,55622.0,41708,105662,39169
Case_151,USA,UP,2020-03-13,12743,1904,8944.0,1895,86069,9022
Case_152,France,MH,2020-02-18,96810,3367,,3292,88481,59179
Case_153,Spain,MH,2020-02-23,25515,4042,15433.0,6040,124745,47803
Case_154,Brazil,TN,2020-11-18,,603,1605.0,43690,24578,31683
Case_155,Spain,TN,2020-02-01,43531,4483,22357.0,16691,139369,59405
Case_156,India,DL,2020-02-29,33489,3208,7045.0,23236,141105,86021
Case_157,Spain,MH,2020-03-25,72735,2522,22324.0,47889,60714,25518
Case_158,USA,DL,2020-12-04,24876,2522,24427.0,-2073,75804,39621
Case_159,Italy,TN,2020-12-11,29724,3859,28721.0,-2856,109305,46853
Case_160,USA,TN,2020-08-25,22922,2302,19705.0,915,154809,14766
Case_161,India,TN,2020-01-08,,2802,23249.0,17998,145903,77684
Case_162,Italy,MH,2020-02-13,20962,4151,,7374,82202,85852
Case_163,Germany,DL,2020-07-10,92265,2003,51484.0,38778,24717,15833
Case_164,UK,RJ,2020-09-17,14123,3613,11602.0,-1092,197274,51432
Case_165,USA,DL,2020-06-28,13719,2649,4460.0,6610,12634,44915
Case_166,Germany,PB,2020-04-14,51032,95,50748.0,189,172222,4922
Case_167,uk,KA,2020-12-10,39219,2058,2504.0,34657,145927,44532
Case_168,Spain,DL,2020-01-10,70759,3742,13781.0,53236,98609,59466
Case_169,Brazil,DL,2020-12-13,42945,213,6459.0,36273,109708,3062
Case_170,Brazil,UP,2020-07-06,75528,4533,13982.0,57013,125949,68675
Case_171,France,DL,2020-01-15,,2428,5183.0,4697,34033,45610
Case_172,Italy,GJ,2020-10-03,15723,3898,2334.0,9491,121874,42275
Case_173,India,KA,2020-11-27,21660,746,6266.0,14648,44948,44022
Case_174,Italy,KA,2020-08-08,87762,4488,83892.0,-618,29224,37581
Case_175,Brazil,RJ,2020-10-01,18598,4340,238.0,14020,130204,99027
Case_176,UK,KA,2020-11-28,39876,744,23137.0,15995,168493,88607
Case_177,India,DL,2020-02-29,47422,2077,13308.0,32037,167523,46112
Case_178,Germany,TN,2020-11-23,90361,1980,55549.0,32832,113989,7368
Case_179,France,KA,2020-12-19,91101,502,22740.0,67859,173867,33599
Case_180,Brazil,PB,2020-10-03,68003,156,62198.0,5649,34884,69498
Case_181,UK,MH,2020-11-03,76292,971,23992.0,51329,150940,72954
Case_182,Italy,GJ,2020-10-21,9811,4975,6157.0,-1321,59266,46820
Case_183,France,PB,2020-07-04,20254,1830,19340.0,-916,1991,92658
Case_184,France,UP,2020-12-17,14137,682,10696.0,2759,69850,14260
Case_185,France,UP,2020-05-30,,966,31107.0,30967,114852,89184
Case_186,Brazil,GJ,2020-06-04,36658,762,7960.0,27936,20393,65485
Case_187,Spain,GJ,2020-10-01,37330,4838,11361.0,21131,3622,13810
Case_188,France,TN,2020-06-15,29335,2628,27602.0,-895,15525,62807
Case_189,UK,TN,2020-10-02,6820,1229,812.0,4779,39643,32410
Case_190,Brazil,UP,2020-08-29,48008,1940,15258.0,30810,182316,16694
Case_191,France,KA,2020-08-01,2431,3047,674.0,-1290,87730,27737
Case_192,India,TN,2020-10-06,41822,2829,9056.0,29937,186258,91530
Case_193,Germany,TN,2020-08-04,,-4011,39819.0,6370,24558,49154
Case_194,France,KA,2020-11-19,3460,1180,1377.0,903,159693,22886
Case_195,India,RJ,2020-07-24,45230,4174,24133.0,16923,65902,99547
Case_196,Brazil,UP,2020-12-02,14484,2531,11725.0,228,120573,26560
Case_197,France,GJ,2020-02-20,92250,4105,84465.0,3680,165700,49091
Case_198,France,TN,2020-03-26,29729,2503,936.0,26290,96624,69095
Case_199,USA,UP,2020-11-03,46718,4963,22721.0,19034,10735,7165
Case_200,Italy,TN,2020-11-11,58793,1320,29231.0,28242,64943,99172
Case_201,USA,DL,2020-02-15,96094,4745,52335.0,39014,41920,41006
Case_202,Germany,PB,2020-05-01,22549,1974,4885.0,15690,144507,22357
Case_203,Italy,PB,2020-01-28,60136,4842,3411.0,51883,15686,72943
Case_204,Brazil,UP,2020-07-14,80890,3363,79771.0,-2244,48463,78102
Case_205,France,DL,2020-09-04,58154,3615,12190.0,42349,124474,29319
Case_206,Brazil,TN,2020-08-03,2184,1341,870.0,-27,97222,94459
Case_207,Spain,KA,2020-05-11,61936,2063,5336.0,54537,94150,12826
Case_208,India,UP,2020-04-08,63725,1583,36630.0,25512,184459,4596
Case_209,Spain,GJ,2020-05-24,8407,3311,7933.0,-2837,141238,63831
Case_210,UK,GJ,2020-07-04,56628,3246,50080.0,3302,121798,43105
Case_211,UK,UP,2020-08-14,98253,2187,26330.0,69736,147486,56171
Case_212,USA,RJ,2020-09-09,70505,1485,44938.0,24082,61134,40953
Case_213,Spain,MH,2020-12-01,77401,2542,54119.0,20740,7177,93606
Case_214,Germany,DL,2020-01-10,19946,3395,7065.0,9486,138295,34691
Case_215,France,RJ,2020-06-24,20478,426,16761.0,3291,70561,42171
Case_216,USA,UP,2020-10-07,85306,3151,24938.0,57217,56994,50995
Case_217,France,TN,2020-03-04,25545,4818,23889.0,-3162,15324,35534
Case_218,Germany,PB,2020-04-26,20507,2629,,895,111871,86446
Case_219,USA,RJ,2020-10-22,2381,618,179.0,1584,140032,96657
Case_220,India,RJ,2020-03-28,68353,4335,49225.0,14793,113929,80299
Case_221,Germany,UP,2020-11-27,1538,3424,168.0,-2054,76859,7066
Case_222,France,MH,2020-02-25,18439,1982,11556.0,4901,70791,55756
Case_223,Spain,MH,2020-12-09,33990,2871,11370.0,19749,104127,59466
Case_224,USA,MH,2020-04-27,50318,2616,37815.0,9887,22505,68570
Case_225,India,KA,2020-05-26,,4929,35594.0,23027,155199,34086
Case_226,UK,GJ,2020-05-28,36449,3598,15661.0,17190,121876,23661
Case_227,India,KA,2020-09-08,2974,2002,954.0,18,118805,93400
Case_228,Italy,GJ,2020-03-19,59495,2915,26412.0,30168,197266,69312
Case_229,India,DL,2020-09-18,28250,4663,19760.0,3827,199932,10990
Case_230,Spain,PB,2020-03-29,7108,274,3944.0,2890,161177,57555
Case_231,Spain,KA,2020-05-23,44221,4231,22849.0,17141,92623,48064
Case_232,Brazil,MH,2020-02-25,25730,3088,2622.0,20020,42246,51252
Case_233,Spain,DL,2020-12-20,62651,754,4567.0,57330,8711,93548
Case_234,Spain,TN,2020-06-09,10034,3337,275.0,6422,179083,56152
Case_235,Spain,KA,2020-02-08,31371,1799,717.0,28855,3160,952
Case_236,India,KA,2020-04-06,44381,1460,11253.0,31668,62080,16650
Case_237,France,UP,2020-04-04,38449,4882,29109.0,4458,130162,18493
Case_238,Germany,MH,2020-05-15,39552,1795,31677.0,6080,139321,23867
Case_239,Brazil,DL,2020-11-18,14141,3008,13610.0,-2477,4927,42045
Case_240,Germany,GJ,2020-01-22,33656,4480,15929.0,13247,190396,17025
Case_241,India,TN,2020-12-06,4118,4238,3710.0,-3830,120982,61164
Case_242,Italy,KA,2020-04-14,56118,1485,4919.0,49714,80577,16547
Case_243,France,KA,2020-02-27,75935,1274,21905.0,52756,129369,21469
Case_244,UK,DL,2020-04-20,16141,2913,6244.0,6984,62465,66739
Case_245,Brazil,PB,2020-02-04,,3873,25119.0,51030,123211,44349
Case_246,Germany,TN,2020-05-15,79491,4419,5796.0,69276,74080,7097
Case_247,Brazil,RJ,2020-12-18,51374,2777,8985.0,39612,87620,9471
Case_248,Brazil,DL,2020-04-09,40804,1876,21290.0,17638,162856,54606
Case_249,UK,PB,2020-03-19,74814,815,52003.0,21996,138720,59918
Case_250,Spain,RJ,2020-12-15,,2510,1705.0,-1220,109707,37297
Case_251,Brazil,PB,2020-08-09,77647,3065,19815.0,54767,29886,25757
Case_252,Italy,KA,2020-11-24,10086,4394,8834.0,-3142,24620,19557
Case_253,Italy,UP,2020-12-06,32841,4176,6295.0,22370,51211,31974
Case_254,India,KA,2020-05-23,44674,4721,,3890,65353,65551
Case_255,Germany,KA,2020-05-23,18910,2626,,-1696,11195,19065
Case_256,Spain,KA,2020-10-01,83174,1866,82794.0,-1486,50041,19749
Case_257,Italy,TN,2020-01-21,22824,2455,18549.0,1820,45960,46373
Case_258,France,MH,2020-01-31,21800,2482,20452.0,-1134,190182,51536
Case_259,UK,GJ,2020-11-15,52160,2409,42506.0,7245,122751,99590
Case_260,UK,PB,2020-01-25,8704,1022,8528.0,-846,174301,37840
Case_261,India,TN,2020-01-22,81484,2464,23716.0,55304,32569,99671
Case_262,Germany,UP,2020-10-16,,2691,46540.0,35743,123929,39622
Case_263,Italy,KA,2020-06-14,43514,1529,34670.0,7315,100109,6991
Case_264,India,MH,2020-01-07,4047,1283,2771.0,-7,188221,40093
Case_265,Germany,MH,2020-10-29,36343,451,3195.0,32697,178593,48939
Case_266,Germany,GJ,2020-08-10,34397,3348,9897.0,21152,50433,81913
Case_267,USA,PB,2020-08-21,87359,948,5380.0,81031,195798,36088
Case_268,France,GJ,2020-01-18,60054,2590,13567.0,43897,69245,57415
Case_269,India,UP,2020-01-04,,2765,18337.0,8233,4591,29161
Case_270,Germany,KA,2020-11-04,20378,3848,17203.0,-673,22372,45408
Case_271,USA,PB,2020-03-25,14289,3145,1834.0,9310,116900,40566
Case_272,France,DL,2020-10-08,17375,2552,,1148,35407,88562
Case_273,UK,GJ,2020-05-26,2177,-162,684.0,1331,155379,61405
Case_274,India,GJ,2020-02-23,61243,2258,21296.0,37689,17235,467
Case_275,France,GJ,2020-12-05,57344,853,46669.0,9822,91609,36094
Case_276,Spain,UP,2020-03-25,24291,3537,17054.0,3700,145649,99658
Case_277,India,UP,2020-08-09,36262,2602,21095.0,12565,129151,26618
Case_278,Germany,GJ,2020-03-04,30271,4255,27949.0,-1933,181392,85253
Case_279,UK,UP,2020-04-22,52700,2152,18418.0,32130,6578,19097
Case_280,USA,PB,2020-07-15,11346,4465,,2405,129558,13325
Case_281,Italy,DL,2020-01-22,30800,606,23008.0,7186,187673,32819
Case_282,UK,PB,2020-05-22,1182,3082,201.0,-2101,172268,61319
Case_283,Italy,TN,2020-07-01,27451,3028,16089.0,8334,42769,39971
Case_284,India,RJ,2020-04-24,20350,3322,7114.0,9914,151893,76610
Case_285,UK,KA,2020-05-29,40529,4730,,2344,124989,58428
Case_286,India,GJ,2020-08-15,2291,1500,913.0,-122,52402,23176
Case_287,Spain,PB,2020-07-22,24785,-4505,21755.0,-1475,174732,42371
Case_288,Brazil,PB,2020-04-02,2504,3299,2240.0,-3035,109727,5777
Case_289,India,GJ,2020-04-20,26684,-1908,1436.0,23340,49482,64339
Case_290,USA,UP,2020-06-04,27060,3634,21092.0,2334,82627,68462
Case_291,Brazil,TN,2020-10-09,32293,920,23214.0,8159,197792,79016
Case_292,India,TN,2020-06-15,38036,3647,5119.0,29270,34601,7620
Case_293,France,MH,2020-08-08,50549,1170,44337.0,5042,195448,45390
Case_294,UK,MH,2020-02-29,84664,1319,11722.0,71623,172581,11040
Case_295,India,KA,2020-11-19,35125,1726,23018.0,10381,5085,31368
Case_296,France,PB,2020-10-17,91016,4335,24111.0,62570,188163,76409
Case_297,Spain,DL,2020-09-09,19901,1168,8691.0,10042,123700,97408
Case_298,UK,DL,2020-06-07,58321,294,48983.0,9044,106539,73723
Case_299,France,DL,2020-06-07,82197,2074,18187.0,61936,196397,64036
Case_300,Italy,MH,2020-05-17,76160,3815,20809.0,51536,30163,75373
Case_301,Germany,PB,2020-03-10,99594,-3623,80701.0,15270,19469,17040
Case_302,Italy,TN,2020-10-08,39803,2439,,21540,195176,2446
Case_303,Germany,UP,2020-02-25,91316,3310,61823.0,26183,138148,53500
Case_304,Italy,DL,2020-01-01,1166,3326,338.0,-2498,66346,93283
Case_305,Brazil,GJ,2020-12-17,65831,2631,10784.0,52416,29304,78786
Case_306,india,GJ,2020-07-08,52293,4786,27147.0,20360,156251,36303
Case_307,India,PB,2020-12-26,68685,3980,62312.0,2393,65079,63711
Case_308,Germany,UP,2020-04-20,73201,1798,53036.0,18367,6370,6357
Case_309,UK,GJ,2020-12-29,64172,198,37220.0,26754,65366,27986
Case_310,Brazil,MH,2020-09-20,89020,1609,87182.0,229,21438,41172
Case_311,France,PB,2020-12-19,33399,1112,21419.0,10868,150753,13613
Case_312,India,GJ,2020-06-13,,4055,12889.0,4430,172398,28715
Case_313,UK,KA,2020-07-05,22134,2817,8995.0,10322,30341,99194
Case_314,Brazil,PB,2020-02-18,43191,2568,39829.0,794,28677,19712
Case_315,USA,PB,2020-07-26,,-2433,24426.0,68633,73025,18208
Case_316,Italy,GJ,2020-03-11,864,4134,655.0,-3925,137699,96754
Case_317,UK,DL,2020-08-18,26570,-3250,1391.0,21929,181624,67249
Case_318,UK,UP,2020-12-29,73736,1695,12783.0,59258,27998,88569
Case_319,Germany,TN,2020-08-13,27616,3910,27355.0,-3649,144988,26725
Case_320,USA,RJ,2020-04-04,73752,174,67076.0,6502,28776,98245
Case_321,USA,UP,2020-01-23,50151,4325,,9780,67672,96740
Case_322,Italy,KA,2020-03-05,50221,1076,45305.0,3840,76040,85957
Case_323,Spain,TN,2020-07-26,51648,-1589,11275.0,38784,164326,38224
Case_324,India,UP,2020-04-28,91744,3617,19245.0,68882,116895,13174
Case_325,France,GJ,2020-02-24,15465,3852,12639.0,-1026,154169,46587
Case_326,France,DL,2020-03-19,16327,2814,,10326,184837,42252
Case_327,India,KA,2020-03-04,4231,2367,1161.0,703,66258,93100
Case_328,France,TN,2020-11-21,90740,3055,59676.0,28009,37733,43790
Case_329,France,GJ,2020-07-06,60774,472,19068.0,41234,153571,91139
Case_330,UK,KA,2020-10-24,39783,2454,5810.0,31519,108878,82793
Case_331,Italy,RJ,2020-04-06,98139,594,49018.0,48527,37470,8868
Case_332,Brazil,MH,2020-12-30,7430,1517,7190.0,-1277,117798,73081
Case_333,UK,GJ,2020-10-30,5566,3106,2452.0,8,61820,80753
Case_334,Spain,GJ,2020-03-31,82610,2,8009.0,74599,195688,38492
Case_335,France,MH,2020-12-25,75976,948,73917.0,1111,135242,22824
Case_336,India,GJ,2020-11-28,87531,189,19097.0,68245,90309,27369
Case_337,Spain,MH,2020-08-14,21807,4125,3253.0,14429,148536,65911
Case_338,USA,TN,2020-05-07,10097,1407,3952.0,4738,96412,41585
Case_339,Italy,RJ,2020-11-16,62155,76,40603.0,21476,5132,73265
Case_340,UK,MH,2020-09-27,49737,371,15017.0,34349,28719,34688
Case_341,India,DL,2020-10-07,81488,2469,,29163,31020,73178
Case_342,Germany,PB,2020-04-12,72967,1186,40643.0,31138,97377,23693
Case_343,Germany,DL,2020-04-09,640,1058,442.0,-860,29688,9893
Case_344,France,TN,2020-09-30,56486,1663,596.0,54227,152566,78501
Case_345,Germany,DL,2020-09-08,48801,2737,41940.0,4124,87627,22175
Case_346,Brazil,KA,2020-07-05,31945,2380,26541.0,3024,165812,26933
Case_347,Spain,PB,2020-07-05,67853,1001,53479.0,13373,40515,13911
Case_348,Italy,UP,2020-05-03,89147,2422,28740.0,57985,95382,36670
Case_349,India,DL,2020-10-22,41287,4121,34702.0,2464,6920,46973
Case_350,Brazil,TN,2020-06-07,44660,4955,8651.0,31054,18870,76404
Case_351,Italy,DL,2020-06-22,3413,2329,1804.0,-720,100530,35074
Case_352,France,RJ,2020-01-31,10317,1883,1261.0,7173,101138,71954
Case_353,Brazil,MH,2020-07-30,84953,3800,60501.0,20652,162675,28184
Case_354,UK,DL,2020-08-30,40598,1908,33040.0,5650,101815,32924
Case_355,UK,RJ,2020-02-23,31390,2798,25225.0,3367,36461,58787
Case_356,India,MH,2020-07-19,7762,4334,7714.0,-4286,6605,24316
Case_357,France,PB,2020-12-16,99352,1484,91054.0,6814,133264,2283
Case_358,Brazil,KA,2020-06-17,66735,2260,42326.0,22149,52109,17669
Case_359,Germany,PB,2020-08-28,16407,369,16259.0,-221,116341,1464
Case_360,Brazil,MH,2020-01-30,21874,2716,17536.0,1622,68484,96959
Case_361,Germany,MH,2020-08-19,12753,1871,1901.0,8981,69660,39004
Case_362,Brazil,MH,2020-12-14,,2789,69159.0,340,169414,50727
Case_363,Germany,RJ,2020-12-12,49742,3133,10724.0,35885,81110,7481
Case_364,Italy,UP,2020-05-13,65177,4047,3994.0,57136,180293,87845
Case_365,France,KA,2020-05-23,32604,4927,25173.0,2504,40042,92846
Case_366,Spain,GJ,2020-03-16,49844,578,33051.0,16215,101592,12965
Case_367,Italy,GJ,2020-01-26,76663,3412,2561.0,70690,10920,19584
Case_368,Italy,UP,2020-02-22,58193,3540,448.0,54205,37406,73343
Case_369,Italy,UP,2020-06-12,67406,2876,35292.0,29238,171090,49894
Case_370,Germany,RJ,2020-05-31,98497,4864,,8224,108404,19275
Case_371,India,KA,2020-12-23,,4279,46548.0,13710,66029,32014
Case_372,Spain,DL,2020-08-03,,3648,32522.0,13496,197579,24802
Case_373,Spain,TN,2020-03-28,96186,4120,94023.0,-1957,34550,36853
Case_374,Italy,GJ,2020-08-28,3542,4384,1038.0,-1880,122585,32617
Case_375,UK,UP,2020-07-30,37524,1944,26573.0,9007,74381,29161
Case_376,brazil,PB,2020-08-11,85349,4368,63023.0,17958,74973,9673
Case_377,Italy,MH,2020-09-18,11886,66,8816.0,3004,123832,47353
Case_378,France,KA,2020-08-10,32946,3440,24240.0,5266,106049,79239
Case_379,Spain,GJ,2020-08-05,57173,1188,54035.0,1950,154849,98827
Case_380,Spain,PB,2020-02-22,99273,647,,59693,99030,16069
Case_381,UK,DL,2020-07-04,72793,2960,70828.0,-995,102329,72180
Case_382,USA,DL,2020-05-04,69187,4201,52464.0,12522,8621,8394
Case_383,italy,TN,2020-11-15,20841,2466,,7735,127438,41419
Case_384,Germany,RJ,2020-03-18,69030,4043,57233.0,7754,58487,67780
Case_385,Spain,UP,2020-07-29,89867,491,1639.0,87737,1027,14543
Case_386,Brazil,RJ,2020-05-20,41089,-4057,14274.0,22758,53698,36198
Case_387,France,MH,2020-03-26,26320,1659,7221.0,17440,197317,34062
Case_388,India,RJ,2020-11-27,59916,4863,12751.0,42302,68945,23316
Case_389,Spain,TN,2020-06-14,42558,1849,37177.0,3532,104038,75903
Case_390,India,TN,2020-01-01,,1668,34473.0,51644,181665,86051
Case_391,France,RJ,2020-05-12,72060,3403,39824.0,28833,45624,94734
Case_392,UK,PB,2020-01-03,75700,2558,8318.0,64824,16247,99296
Case_393,Brazil,GJ,2020-08-04,3959,1152,2620.0,187,183462,98561
Case_394,Spain,TN,2020-08-07,6979,2172,1010.0,3797,52451,82857
Case_395,Germany,TN,2020-12-05,50220,-113,331.0,49776,91502,20439
Case_396,India,TN,2020-11-01,2607,1083,2271.0,-747,13258,18162
Case_397,India,RJ,2020-05-18,87383,833,45802.0,40748,189511,90072
Case_398,Italy,UP,2020-03-14,67423,819,,28082,190394,52915
Case_399,Brazil,MH,2020-06-01,61623,4588,42938.0,14097,163853,34361
Case_400,France,DL,2020-08-13,42225,697,25416.0,16112,182664,32502
Case_401,Spain,GJ,2020-02-25,34879,208,31859.0,2812,181280,5274
Case_402,USA,RJ,2020-02-23,47580,240,15849.0,31491,152718,91028
Case_403,France,MH,2020-07-05,56875,3950,10310.0,42615,84531,70949
Case_404,Germany,TN,2020-06-11,40919,2175,33181.0,5563,39017,88360
Case_405,France,MH,2020-07-05,10631,3352,10479.0,-3200,8799,18643
Case_406,France,MH,2020-09-07,38313,350,,25666,169590,81305
Case_407,Germany,RJ,2020-11-30,28547,1180,,20064,56116,14466
Case_408,France,TN,2020-11-12,9787,2888,2070.0,4829,106863,75761
Case_409,USA,RJ,2020-07-29,72614,1212,37698.0,33704,50980,63408
Case_410,UK,GJ,2020-03-23,79880,3413,22084.0,54383,119567,34025
Case_411,Italy,GJ,2020-09-26,46653,3752,,21921,179378,22212
Case_412,Spain,RJ,2020-01-25,82977,334,63907.0,18736,53430,39907
Case_413,USA,GJ,2020-11-29,19336,38,343.0,18955,116574,67598
Case_414,UK,DL,2020-09-30,42541,1388,36278.0,4875,191965,96077
Case_415,uk,TN,2020-06-03,78111,-3199,59656.0,15256,122125,37930
Case_416,France,RJ,2020-08-09,8557,3673,3547.0,1337,33024,53927
Case_417,usa,MH,2020-02-09,14470,2410,2114.0,9946,7768,28711
Case_418,Germany,TN,2020-10-29,71445,4419,69324.0,-2298,121036,13336
Case_419,France,PB,2020-07-18,6176,3340,2250.0,586,154537,55943
Case_420,India,PB,2020-09-15,77187,4693,18400.0,54094,41721,27409
Case_421,France,DL,2020-06-20,53940,1631,33179.0,19130,136271,36765
Case_422,France,RJ,2020-06-28,70723,-404,41924.0,28395,181687,79368
Case_423,India,KA,2020-04-24,79804,4408,,56145,121878,30652
Case_424,Brazil,TN,2020-11-17,65144,2933,25018.0,37193,158461,67341
Case_425,Spain,TN,2020-10-10,84369,-483,82729.0,1157,54518,78900
Case_426,India,RJ,2020-08-27,,1363,51939.0,17798,81920,24045
Case_427,USA,UP,2020-02-27,19391,2915,5798.0,10678,163816,48534
Case_428,Brazil,PB,2020-01-15,74698,3751,12287.0,58660,173681,15843
Case_429,UK,RJ,2020-11-23,76469,1602,27059.0,47808,107439,94677
Case_430,USA,DL,2020-05-05,41102,269,,22612,43621,70226
Case_431,Spain,PB,2020-03-02,92665,2001,,41146,80004,81132
Case_432,Germany,PB,2020-01-04,36605,4187,24203.0,8215,122117,71991
Case_433,Spain,RJ,2020-10-12,10793,4459,5864.0,470,117841,2225
Case_434,France,UP,2020-01-26,13653,512,559.0,12582,165615,6421
Case_435,Italy,RJ,2020-09-18,50703,2679,26303.0,21721,179623,85495
Case_436,Italy,TN,2020-12-19,95474,4766,66958.0,23750,17544,67400
Case_437,India,PB,2020-06-21,,-1688,58202.0,26806,74667,39730
Case_438,spain,GJ,2020-06-25,61347,4979,35311.0,21057,91369,95680
Case_439,Italy,MH,2020-01-19,36623,4710,9316.0,22597,73980,77041
Case_440,UK,GJ,2020-04-18,71800,3719,68548.0,-467,139876,57877
Case_441,Germany,TN,2020-03-24,83279,446,24074.0,58759,75238,2824
Case_442,Brazil,KA,2020-02-13,33771,2683,30738.0,350,142388,1722
Case_443,USA,GJ,2020-11-20,48186,1489,42107.0,4590,15644,72485
Case_444,India,DL,2020-02-17,66483,3782,30899.0,31802,166783,67817
Case_445,India,DL,2020-03-28,45627,4616,1337.0,39674,106874,57475
Case_446,India,MH,2020-05-22,97359,2082,16126.0,79151,140200,51178
Case_447,USA,GJ,2020-02-12,18082,4174,3430.0,10478,192043,17578
Case_448,USA,PB,2020-06-18,91332,3180,63819.0,24333,87183,50896
Case_449,USA,KA,2020-09-07,99139,2557,60769.0,35813,123381,39974
Case_450,USA,RJ,2020-07-22,2035,73,2021.0,-59,154647,86145
Case_451,Italy,TN,2020-07-17,66451,-2417,16690.0,47344,71759,17250
Case_452,Brazil,TN,2020-02-23,57236,2467,54126.0,643,100889,92881
Case_453,USA,MH,2020-07-05,16012,4632,11181.0,199,21502,18029
Case_454,Spain,DL,2020-06-10,77720,3415,40693.0,33612,163042,87725
Case_455,India,KA,2020-09-21,98985,2794,13851.0,82340,23763,90600
Case_456,UK,MH,2020-03-03,82590,4773,37949.0,39868,132693,49447
Case_457,India,PB,2020-05-18,6198,452,1482.0,4264,26211,2792
Case_458,Germany,PB,2020-05-31,2129,4416,234.0,-2521,79161,1617
Case_459,Brazil,GJ,2020-02-02,71566,4126,25364.0,42076,117064,91239
Case_460,Brazil,UP,2020-06-14,68802,170,59013.0,9619,34554,45440
Case_461,France,PB,2020-06-22,89682,1479,34572.0,53631,21448,43829
Case_462,UK,UP,2020-10-23,19429,1816,12358.0,5255,40172,88093
Case_463,India,GJ,2020-06-12,90019,303,22612.0,67104,38511,51636
Case_464,Spain,KA,2020-09-22,63283,341,42456.0,20486,19251,32142
Case_465,USA,MH,2020-12-03,20925,1320,14022.0,5583,107368,15798
Case_466,Italy,DL,2020-03-05,13456,3319,10550.0,-413,171202,99192
Case_467,USA,DL,2020-04-05,549,3528,382.0,-3361,194963,89926
Case_468,Italy,TN,2020-10-06,50633,1754,11417.0,37462,12308,28126
Case_469,UK,GJ,2020-01-17,76378,373,21125.0,54880,90904,68625
Case_470,Brazil,KA,2020-08-18,64819,3120,57901.0,3798,99508,4858
Case_471,Italy,RJ,2020-12-29,71362,1267,25836.0,44259,131294,64462
Case_472,India,PB,2020-08-14,41589,379,4579.0,36631,54757,88575
Case_473,Germany,TN,2020-10-19,49968,1411,,9776,87133,49651
Case_474,Spain,KA,2020-05-11,6488,4921,4680.0,-3113,164671,62271
Case_475,Spain,GJ,2020-03-27,35861,2160,11473.0,22228,51759,22629
Case_476,Germany,PB,2020-07-16,93798,4091,55345.0,34362,147188,44916
Case_477,Spain,GJ,2020-04-10,40672,2321,22019.0,16332,93366,89661
Case_478,Brazil,UP,2020-02-05,4922,4323,1820.0,-1221,122520,5662
Case_479,UK,RJ,2020-04-06,41078,4971,8971.0,27136,25394,86051
Case_480,Germany,UP,2020-03-14,45478,583,4035.0,40860,132779,59453
Case_481,Brazil,TN,2020-12-04,7394,3539,3853.0,2,138943,78383
Case_482,Italy,KA,2020-01-01,46657,917,2504.0,43236,10020,11138
Case_483,USA,UP,2020-06-17,,890,26009.0,1235,133395,47699
Case_484,France,DL,2020-11-11,22594,590,4717.0,17287,120786,64790
Case_485,Brazil,PB,2020-05-05,1677,3540,487.0,-2350,136019,3673
Case_486,India,UP,2020-11-06,56733,688,21774.0,34271,41649,7197
Case_487,Germany,TN,2020-02-19,32088,4672,8907.0,18509,55580,93022
Case_488,Germany,RJ,2020-11-11,15138,1667,4450.0,9021,112952,70236
Case_489,Spain,MH,2020-05-01,75136,2276,59990.0,12870,53725,89203
Case_490,India,PB,2020-09-22,86585,3793,43526.0,39266,159917,87861
Case_491,Spain,GJ,2020-04-21,46425,1181,31231.0,14013,110502,73164
Case_492,Germany,DL,2020-07-02,78296,1658,3426.0,73212,150151,64709
Case_493,UK,PB,2020-06-24,73881,584,15262.0,58035,56383,11670
Case_494,Spain,RJ,2020-06-26,73143,2648,19396.0,51099,185732,46612
Case_495,India,MH,2020-08-03,66057,4183,27691.0,34183,67024,2240
Case_496,spain,UP,2020-04-23,86606,3159,30471.0,52976,2400,27634
Case_497,France,MH,2020-07-29,36202,4992,21239.0,9971,62482,16162
Case_498,Spain,PB,2020-09-08,44522,706,12465.0,31351,192723,11876
Case_499,Brazil,PB,2020-05-14,2630,2178,2284.0,-1832,82540,19584
Case_500,Brazil,DL,2020-01-09,24727,3517,23453.0,-2243,145283,60047
Case_501,Germany,UP,2020-01-12,52851,565,6681.0,45605,30551,74998
Case_502,USA,MH,2020-03-01,29528,765,23571.0,5192,46222,91731
Case_503,Spain,TN,2020-03-15,21983,2607,7642.0,11734,5155,35723
Case_504,Italy,UP,2020-09-09,25323,2595,17772.0,4956,74523,22484
Case_505,India,KA,2020-11-25,82165,780,,74903,95352,12628
Case_506,Spain,PB,2020-11-10,87271,2480,21458.0,63333,84247,51015
Case_507,UK,KA,2020-11-08,78131,387,30679.0,47065,70685,12794
Case_508,Italy,MH,2020-12-01,21356,3664,11290.0,6402,162618,97922
Case_509,India,KA,2020-10-13,37610,2674,27138.0,7798,96407,96193
Case_510,Germany,TN,2020-08-23,9656,41,6377.0,3238,182292,69598
Case_511,USA,UP,2020-04-24,19953,4385,16507.0,-939,147870,28453
Case_512,Germany,PB,2020-05-13,40768,87,36884.0,3797,126544,68314
Case_513,USA,GJ,2020-10-25,34941,245,1993.0,32703,187456,90553
Case_514,India,MH,2020-12-02,35586,1402,20162.0,14022,150065,69221
Case_515,UK,RJ,2020-08-11,63409,1695,9618.0,52096,164753,66855
Case_516,Germany,KA,2020-01-15,48130,2994,19938.0,25198,98193,34549
Case_517,Brazil,DL,2020-12-05,90268,508,70327.0,19433,32083,14502
Case_518,Germany,TN,2020-01-17,24760,1274,13871.0,9615,112469,72403
Case_519,India,TN,2020-10-09,52738,4134,27748.0,20856,43326,78841
Case_520,France,TN,2020-06-08,12446,3620,10022.0,-1196,140669,22748
Case_521,Italy,GJ,2020-06-24,12873,300,6213.0,6360,43818,61483
Case_522,italy,UP,2020-04-22,53863,2799,36693.0,14371,47704,5069
Case_523,UK,RJ,2020-05-17,28055,3214,14656.0,10185,102807,62024
Case_524,Brazil,PB,2020-06-18,36313,4263,15848.0,16202,199945,32330
Case_525,France,MH,2020-09-05,54803,2920,16954.0,34929,127205,96143
Case_526,Germany,GJ,2020-08-22,7521,2880,4321.0,320,127065,14053
Case_527,Germany,RJ,2020-03-10,9647,4731,925.0,3991,54627,74085
Case_528,Brazil,TN,2020-03-09,,1643,15993.0,4063,188205,36023
Case_529,Italy,UP,2020-03-06,15057,4716,14568.0,-4227,74904,44150
Case_530,Brazil,TN,2020-09-17,85042,3256,78732.0,3054,31346,41694
Case_531,Italy,DL,2020-09-02,5784,2727,4702.0,-1645,166047,78848
Case_532,France,PB,2020-02-08,69085,223,48151.0,20711,66975,77280
Case_533,India,RJ,2020-11-01,27959,774,4122.0,23063,87121,67549
Case_534,Italy,KA,2020-06-05,22990,3175,15093.0,4722,6263,95971
Case_535,India,DL,2020-02-16,6045,812,4234.0,999,140859,45642
Case_536,India,TN,2020-12-01,57214,812,23708.0,32694,114654,1779
Case_537,UK,PB,2020-05-20,49201,415,31578.0,17208,103478,17384
Case_538,India,KA,2020-11-21,59104,1430,51510.0,6164,44650,52500
Case_539,India,TN,2020-02-26,85415,3453,,1926,161757,31241
Case_540,UK,GJ,2020-11-06,36225,4476,8827.0,22922,66660,98476
Case_541,Germany,RJ,2020-08-27,45251,581,,327,117239,78556
Case_542,Italy,PB,2020-01-17,90647,615,84108.0,5924,180193,44524
Case_543,Italy,KA,2020-11-23,39390,3536,25913.0,9941,186073,54847
Case_544,USA,TN,2020-03-01,,2315,3025.0,10869,190463,38481
Case_545,India,MH,2020-12-12,78860,2232,53819.0,22809,99844,33488
Case_546,Brazil,TN,2020-05-24,78982,2581,71132.0,5269,138113,41507
Case_547,Brazil,KA,2020-08-22,29939,4378,11775.0,13786,124189,50007
Case_548,UK,UP,2020-03-15,93890,1229,50054.0,42607,173596,88881
Case_549,Brazil,PB,2020-06-13,50620,-223,40959.0,9438,104916,6944
Case_550,Germany,PB,2020-10-30,81554,4443,47049.0,30062,166992,85841
Case_551,India,DL,2020-01-13,83369,1350,13875.0,68144,117738,54352
Case_552,France,GJ,2020-03-07,96727,2286,49552.0,44889,5333,63246
Case_553,Spain,UP,2020-12-28,41383,986,36018.0,4379,92730,55252
Case_554,Spain,KA,2020-02-22,,1507,493.0,-1110,197489,50930
Case_555,UK,DL,2020-04-15,39065,47,29401.0,9617,187328,16551
Case_556,UK,UP,2020-10-28,67372,3416,20456.0,43500,82347,72006
Case_557,Brazil,PB,2020-06-12,35822,1527,30924.0,3371,185856,58941
Case_558,Brazil,UP,2020-04-24,53207,4538,6560.0,42109,136695,71122
Case_559,India,UP,2020-10-24,5311,3739,1375.0,197,192314,48199
Case_560,USA,GJ,2020-11-25,7264,2521,7057.0,-2314,32704,58262
Case_561,Brazil,DL,2020-09-03,40354,647,28925.0,10782,15818,66535
Case_562,Italy,DL,2020-03-16,53630,4681,30270.0,18679,97807,56947
Case_563,Brazil,KA,2020-01-15,4374,3951,1287.0,-864,23609,36855
Case_564,usa,RJ,2020-05-06,30973,476,14435.0,16062,146841,85592
Case_565,USA,MH,2020-06-09,35947,1378,4919.0,29650,132644,74573
Case_566,UK,RJ,2020-01-06,6773,2789,4917.0,-933,74994,80840
Case_567,UK,KA,2020-04-01,35640,3967,8339.0,23334,171952,13130
Case_568,India,RJ,2020-08-08,45016,173,18818.0,26025,85382,35155
Case_569,USA,PB,2020-03-18,20167,2750,1181.0,16236,179322,9723
Case_570,India,PB,2020-11-10,88699,75,73071.0,15553,59213,58673
Case_571,Italy,PB,2020-04-30,56670,2838,786.0,53046,192672,31705
Case_572,India,DL,2020-03-27,88971,1171,62879.0,24921,125030,31486
Case_573,italy,UP,2020-08-04,75698,4042,62936.0,8720,3728,34747
Case_574,Brazil,RJ,2020-04-17,30974,2678,7932.0,20364,144880,17099
Case_575,UK,UP,2020-07-18,77796,541,48901.0,28354,123659,85053
Case_576,India,KA,2020-06-04,,390,6526.0,37280,79407,74421
Case_577,Spain,PB,2020-09-28,60078,737,49980.0,9361,24605,50691
Case_578,UK,UP,2020-06-01,82091,4762,61747.0,15582,105961,18917
Case_579,Germany,DL,2020-09-11,20742,3346,5926.0,11470,199480,49579
Case_580,India,UP,2020-02-21,24100,3410,20262.0,428,100976,15874
Case_581,UK,MH,2020-10-02,44766,3279,8554.0,32933,142160,94924
Case_582,Spain,PB,2020-11-26,99782,4127,60325.0,35330,2707,81929
Case_583,Germany,PB,2020-05-07,,1208,60681.0,814,138942,21038
Case_584,USA,TN,2020-09-07,81573,4711,40280.0,36582,193915,47277
Case_585,UK,MH,2020-02-05,83975,4338,66624.0,13013,111209,1838
Case_586,USA,GJ,2020-07-08,60803,904,22367.0,37532,85564,77616
Case_587,France,UP,2020-08-22,10321,3982,7841.0,-1502,52627,63659
Case_588,France,PB,2020-02-27,,2283,,45970,198882,96639
Case_589,UK,RJ,2020-07-14,65262,2094,64508.0,-1340,8938,38993
Case_590,Spain,DL,2020-01-19,93357,1136,68498.0,23723,135227,70586
Case_591,Brazil,DL,2020-01-21,91220,1250,75130.0,14840,187980,11054
Case_592,Italy,GJ,2020-10-20,37976,2425,36268.0,-717,197766,97594
Case_593,USA,TN,2020-03-06,24469,1241,17703.0,5525,127521,55406
Case_594,USA,DL,2020-12-26,37775,2118,19084.0,16573,40546,17665
Case_595,Germany,PB,2020-10-30,76356,1270,519.0,74567,164116,59360
Case_596,USA,UP,2020-03-07,81826,4056,12073.0,65697,189374,27725
Case_597,Spain,DL,2020-09-08,14305,1318,1879.0,11108,14436,92794
Case_598,UK,TN,2020-10-04,10768,78,4955.0,5735,42909,91331
Case_599,Italy,TN,2020-11-29,30604,3286,29712.0,-2394,198845,21404
Case_600,Italy,UP,2020-05-21,73606,4466,17241.0,51899,172315,99206
Case_601,Germany,RJ,2020-02-10,36871,498,,16114,145099,66951
Case_602,Italy,KA,2020-05-26,54707,-4860,18785.0,31062,78307,58985
Case_603,USA,GJ,2020-10-01,66134,3101,24842.0,38191,48013,88472
Case_604,India,MH,2020-07-16,23036,3229,21807.0,-2000,95872,81322
Case_605,Italy,TN,2020-05-18,63809,1109,11464.0,51236,93853,61972
Case_606,uk,UP,2020-01-14,68587,-4122,10085.0,54380,135559,20598
Case_607,France,TN,2020-07-30,,1334,7489.0,36988,45369,73125
Case_608,France,GJ,2020-03-17,54214,-3220,43792.0,7202,27639,39085
Case_609,UK,UP,2020-10-12,24974,1770,19906.0,3298,93975,34219
Case_610,Germany,TN,2020-03-16,3646,2073,,1408,144816,52906
Case_611,Italy,MH,2020-11-13,15660,812,8055.0,6793,104072,68508
Case_612,India,GJ,2020-10-03,99133,-2303,59609.0,37221,62875,80562
Case_613,USA,GJ,2020-01-22,20745,1101,18967.0,677,110042,24997
Case_614,USA,RJ,2020-02-11,45193,1679,10401.0,33113,189791,65877
Case_615,Germany,GJ,2020-03-17,63261,1189,37810.0,24262,140663,79766
Case_616,Spain,UP,2020-04-01,42660,173,16866.0,25621,118763,35002
Case_617,USA,RJ,2020-12-17,55368,3574,42991.0,8803,171896,25941
Case_618,USA,DL,2020-06-09,80774,4226,57433.0,19115,34961,76577
Case_619,India,MH,2020-09-16,,1182,22467.0,803,120493,71000
Case_620,UK,GJ,2020-04-21,25162,2881,5266.0,17015,42421,24848
Case_621,Italy,GJ,2020-04-19,45537,953,33756.0,10828,35941,40791
Case_622,France,RJ,2020-09-09,26141,4458,856.0,20827,192574,71337
Case_623,France,GJ,2020-07-28,13363,4398,6649.0,2316,120891,60047
Case_624,Germany,TN,2020-03-16,31325,4716,26483.0,126,191941,29048
Case_625,UK,DL,2020-11-04,16757,253,14141.0,2363,46775,33106
Case_626,France,GJ,2020-12-16,8331,2346,3445.0,2540,53692,55068
Case_627,Italy,KA,2020-07-03,64754,1466,19067.0,44221,129342,15812
Case_628,Brazil,MH,2020-01-23,54402,4297,32769.0,17336,22537,5639
Case_629,Italy,DL,2020-03-04,66885,773,44640.0,21472,52599,72739
Case_630,Germany,GJ,2020-02-16,24273,1815,11197.0,11261,52332,25879
Case_631,USA,KA,2020-10-29,34591,4121,8980.0,21490,51295,81542
Case_632,Italy,PB,2020-05-28,72003,2279,69015.0,709,166366,10010
Case_633,UK,DL,2020-08-01,33336,464,18132.0,14740,53773,49454
Case_634,USA,RJ,2020-11-16,68579,2104,8720.0,57755,157492,23498
Case_635,India,PB,2020-07-18,35364,768,22909.0,11687,97066,54586
Case_636,USA,GJ,2020-02-16,54125,3749,,34576,161346,94680
Case_637,France,TN,2020-02-03,5922,3609,468.0,1845,174075,21971
Case_638,Italy,PB,2020-07-22,59732,1523,3477.0,54732,83144,38527
Case_639,Germany,KA,2020-10-24,83366,4102,69022.0,10242,192744,18519
Case_640,UK,MH,2020-10-27,58205,3202,41845.0,13158,179084,29309
Case_641,USA,DL,2020-07-06,42323,-3351,18519.0,20453,106886,60049
Case_642,Brazil,GJ,2020-12-20,61095,567,23952.0,36576,129784,70491
Case_643,Brazil,RJ,2020-01-31,1712,1713,651.0,-652,152603,96917
Case_644,USA,UP,2020-06-08,49245,4391,33329.0,11525,118297,67500
Case_645,USA,TN,2020-01-24,16676,1361,5579.0,9736,171053,82283
Case_646,Germany,GJ,2020-03-26,3652,500,519.0,2633,143379,88778
Case_647,USA,TN,2020-01-13,66321,4356,48954.0,13011,23810,32705
Case_648,UK,GJ,2020-09-29,28619,4965,,9240,7522,38719
Case_649,Spain,KA,2020-06-01,8399,2281,4091.0,2027,108576,39699
Case_650,USA,GJ,2020-09-03,81775,4769,81198.0,-4192,194144,29213
Case_651,Italy,GJ,2020-10-21,28341,2117,1370.0,24854,173352,26678
Case_652,Spain,DL,2020-04-14,38603,4933,35287.0,-1617,101061,36707
Case_653,Germany,TN,2020-10-05,54609,3996,37488.0,13125,180613,18927
Case_654,Germany,PB,2020-10-15,19627,4059,11005.0,4563,98909,45934
Case_655,Germany,GJ,2020-12-01,62721,2679,20725.0,39317,33531,98231
Case_656,Spain,KA,2020-04-24,55739,1112,37054.0,17573,43165,45429
Case_657,Germany,UP,2020-07-02,,2,32604.0,23583,170388,64565
Case_658,Brazil,RJ,2020-08-26,94910,4677,90358.0,-125,183614,75218
Case_659,Germany,RJ,2020-09-25,87216,2440,1757.0,83019,104194,7220
Case_660,France,RJ,2020-01-28,,1968,97330.0,456,4381,41052
Case_661,India,UP,2020-04-12,90357,852,88776.0,729,155012,45455
Case_662,Brazil,UP,2020-10-16,4441,3398,2763.0,-1720,36058,10970
Case_663,India,KA,2020-08-24,27457,4583,8103.0,14771,119067,50711
Case_664,Germany,MH,2020-05-18,67823,2665,37613.0,27545,61068,51512
Case_665,Spain,TN,2020-12-20,50142,4629,700.0,44813,13901,10151
Case_666,USA,RJ,2020-02-29,1535,-1667,996.0,-1128,180329,32829
Case_667,Italy,PB,2020-08-23,20876,3267,7357.0,10252,107173,38585
Case_668,France,PB,2020-05-06,24455,2218,23214.0,-977,85579,54770
Case_669,Spain,UP,2020-07-21,56139,4027,1961.0,50151,71962,24033
Case_670,Spain,DL,2020-08-08,93461,1611,61458.0,30392,16444,78086
Case_671,India,KA,2020-04-28,22913,2369,13601.0,6943,188829,16903
Case_672,Germany,TN,2020-04-22,15686,3307,7906.0,4473,157656,6768
Case_673,France,PB,2020-06-11,67323,2759,13195.0,51369,69799,7563
Case_674,France,MH,2020-05-20,29775,3141,,8076,174481,66209
Case_675,Germany,TN,2020-07-20,43657,1752,30881.0,11024,98895,64787
Case_676,France,TN,2020-09-24,81736,425,59953.0,21358,122066,90147
Case_677,France,TN,2020-02-28,25373,3214,12343.0,9816,122694,90791
Case_678,India,GJ,2020-11-09,88851,267,14176.0,74408,27583,97749
Case_679,Spain,TN,2020-07-07,17015,3464,2595.0,10956,76622,97
Case_680,USA,MH,2020-05-26,48387,4526,8996.0,34865,110482,54078
Case_681,Germany,UP,2020-01-24,99216,4312,38257.0,56647,138291,48467
Case_682,Brazil,RJ,2020-04-17,16448,3381,9936.0,3131,117530,4010
Case_683,India,DL,2020-04-19,4749,-903,3987.0,-141,112501,16136
Case_684,italy,DL,2020-02-08,27579,630,13645.0,13304,18986,10856
Case_685,Italy,RJ,2020-08-04,50694,4367,27580.0,18747,124373,57235
Case_686,USA,TN,2020-01-23,64459,2791,16602.0,45066,134116,63435
Case_687,USA,MH,2020-02-11,73480,4271,49205.0,20004,166257,35142
Case_688,Brazil,KA,2020-11-30,44485,4979,36872.0,2634,196619,5667
Case_689,France,UP,2020-11-08,13109,-4630,424.0,8055,19608,94200
Case_690,Italy,GJ,2020-09-20,33905,127,5362.0,28416,16181,71068
Case_691,Germany,MH,2020-02-13,52692,-2502,16883.0,33307,188676,89084
Case_692,Italy,RJ,2020-08-05,27142,4533,,4568,17895,14152
Case_693,Germany,UP,2020-04-15,91062,4185,15632.0,71245,127137,74146
Case_694,Italy,GJ,2020-07-15,65473,1530,8466.0,55477,55897,20774
Case_695,Spain,DL,2020-06-15,15694,1928,14250.0,-484,138823,97864
Case_696,Germany,DL,2020-10-20,50381,122,40102.0,10157,125051,71071
Case_697,UK,GJ,2020-11-22,,312,11476.0,-76,57281,97357
Case_698,France,TN,2020-06-07,66151,1204,58639.0,6308,9223,13800
Case_699,usa,DL,2020-06-20,93312,2099,71030.0,20183,106420,15885
Case_700,USA,GJ,2020-03-10,21957,523,21817.0,-383,173219,5517
Case_701,Brazil,RJ,2020-12-11,98975,2969,68831.0,27175,163902,93762
Case_702,India,GJ,2020-10-01,58454,475,37235.0,20744,189898,77860
Case_703,Spain,GJ,2020-02-18,32270,1192,22753.0,8325,129703,69504
Case_704,India,PB,2020-08-30,,340,2899.0,42947,125141,22643
Case_705,UK,DL,2020-02-25,84155,1320,81337.0,1498,141785,90530
Case_706,UK,RJ,2020-03-10,31915,2522,9408.0,19985,7056,51181
Case_707,Brazil,GJ,2020-02-15,79727,1306,3251.0,75170,153877,77370
Case_708,Brazil,KA,2020-04-27,,3713,36463.0,-473,149084,60557
Case_709,India,MH,2020-02-21,48606,1327,15649.0,31630,166689,53217
Case_710,Italy,MH,2020-01-24,51825,3073,38639.0,10113,41189,15827
Case_711,Italy,RJ,2020-04-18,23684,8,19224.0,4452,160117,15202
Case_712,France,TN,2020-04-30,25350,3551,13196.0,8603,11692,74081
Case_713,France,GJ,2020-03-27,78436,4210,36552.0,37674,160049,31266
Case_714,Italy,RJ,2020-02-28,45321,4767,5402.0,35152,178560,64635
Case_715,Spain,DL,2020-06-01,71961,3936,1051.0,66974,118834,48829
Case_716,Germany,RJ,2020-05-15,19765,3321,4772.0,11672,120414,54955
Case_717,Brazil,UP,2020-01-29,58932,688,32985.0,25259,144838,90223
Case_718,France,PB,2020-02-29,9493,1110,7198.0,1185,123055,67036
Case_719,germany,TN,2020-01-10,15356,522,2664.0,12170,54459,72851
Case_720,Spain,DL,2020-11-12,71814,1431,41831.0,28552,52675,22006
Case_721,India,RJ,2020-08-22,49530,749,6769.0,42012,138793,76546
Case_722,UK,KA,2020-12-28,18369,4527,14929.0,-1087,95950,31989
Case_723,Italy,DL,2020-12-08,,1427,796.0,36970,40812,26036
Case_724,Italy,KA,2020-03-11,54020,3734,39323.0,10963,5542,31400
Case_725,Germany,MH,2020-08-29,68294,3683,65164.0,-553,191619,79432
Case_726,Brazil,RJ,2020-10-13,8082,3128,742.0,4212,188579,72792
Case_727,France,PB,2020-07-03,90859,3428,39859.0,47572,93161,7216
Case_728,Germany,DL,2020-09-21,46006,1333,20420.0,24253,56622,22698
Case_729,Brazil,MH,2020-10-09,96803,2417,59467.0,34919,50502,62578
Case_730,UK,RJ,2020-10-04,61116,4973,24220.0,31923,141762,55126
Case_731,Italy,RJ,2020-10-01,16714,2462,13036.0,1216,180353,6345
Case_732,Germany,GJ,2020-03-14,68533,3917,60025.0,4591,151906,85786
Case_733,France,GJ,2020-12-21,,1613,42035.0,48980,4163,44200
Case_734,Italy,TN,2020-09-26,75840,1775,45581.0,28484,174044,93062
Case_735,India,UP,2020-07-03,98619,3960,75406.0,19253,78508,36334
Case_736,UK,TN,2020-11-09,66665,3999,41379.0,21287,101540,75595
Case_737,France,PB,2020-06-10,48145,4201,45123.0,-1179,158664,36562
Case_738,UK,PB,2020-02-11,3960,3779,,-2670,29794,39358
Case_739,Italy,UP,2020-04-10,84770,3992,58945.0,21833,45744,44556
Case_740,Spain,PB,2020-11-02,93437,1441,41282.0,50714,94731,2579
Case_741,USA,PB,2020-09-19,50071,4924,11418.0,33729,119496,6078
Case_742,Italy,UP,2020-09-22,32919,2088,8011.0,22820,47177,89222
Case_743,Italy,RJ,2020-12-01,15650,80,13870.0,1700,93259,49804
Case_744,Spain,TN,2020-04-05,79539,3117,73122.0,3300,22371,29911
Case_745,Germany,KA,2020-03-27,38228,4486,8705.0,25037,90800,1670
Case_746,Italy,MH,2020-12-09,52242,759,1189.0,50294,169838,41431
Case_747,Brazil,RJ,2020-01-14,11638,1832,5248.0,4558,145506,1062
Case_748,Spain,PB,2020-01-17,31535,4646,6703.0,20186,19537,85057
Case_749,Brazil,TN,2020-08-17,29616,3103,23151.0,3362,142715,92244
Case_750,Italy,RJ,2020-12-04,25469,191,18135.0,7143,183230,27788
Case_751,UK,GJ,2020-05-29,77458,3955,56582.0,16921,144211,18716
Case_752,USA,TN,2020-04-19,91110,3723,28330.0,59057,116046,4539
Case_753,France,RJ,2020-12-26,76375,3834,65259.0,7282,98013,10114
Case_754,Brazil,PB,2020-09-12,27380,4827,19563.0,2990,175715,99202
Case_755,Italy,TN,2020-06-20,62950,4689,18552.0,39709,188025,16344
Case_756,India,PB,2020-02-23,83890,2926,15182.0,65782,52787,61172
Case_757,UK,UP,2020-01-07,15140,4323,12486.0,-1669,68216,96332
Case_758,USA,DL,2020-04-20,89278,1174,40645.0,47459,45102,91387
Case_759,USA,GJ,2020-04-19,86507,4319,28675.0,53513,180474,12949
Case_760,Brazil,GJ,2020-09-22,52738,1486,17588.0,33664,114798,35936
Case_761,UK,RJ,2020-11-11,34852,4229,30695.0,-72,9312,29290
Case_762,Italy,PB,2020-05-16,83206,13,30377.0,52816,106861,84433
Case_763,France,DL,2020-08-06,35042,4128,26584.0,4330,137388,39291
Case_764,Brazil,UP,2020-02-14,57705,593,922.0,56190,112251,48689
Case_765,Brazil,PB,2020-09-09,27133,1397,18747.0,6989,86437,11801
Case_766,UK,MH,2020-10-23,97383,2949,38770.0,55664,27742,57225
Case_767,India,TN,2020-12-16,1744,53,649.0,1042,132649,34567
Case_768,Brazil,TN,2020-04-16,31574,2727,15261.0,13586,100533,89119
Case_769,germany,PB,2020-07-06,53457,1563,39544.0,12350,11746,21031
Case_770,France,DL,2020-01-09,52739,4366,18337.0,30036,58737,14027
Case_771,Spain,PB,2020-03-19,44881,320,16351.0,28210,87903,83437
Case_772,UK,MH,2020-04-18,31412,26,7104.0,24282,89757,47111
Case_773,Brazil,GJ,2020-05-06,3460,4249,2272.0,-3061,125013,98930
Case_774,USA,GJ,2020-03-30,30800,2713,25700.0,2387,113876,85673
Case_775,Brazil,PB,2020-04-18,17803,4099,8842.0,4862,40825,88242
Case_776,Spain,RJ,2020-04-12,88538,4201,45768.0,38569,147732,94256
Case_777,Germany,KA,2020-08-17,99348,2139,38810.0,58399,8971,63261
Case_778,Spain,MH,2020-06-05,2950,4705,2470.0,-4225,72170,60280
Case_779,uk,MH,2020-08-04,50876,4037,4165.0,42674,129000,77910
Case_780,USA,RJ,2020-09-27,55620,271,18155.0,37194,125204,355
Case_781,UK,DL,2020-03-11,32540,3292,3924.0,25324,99722,66619
Case_782,UK,DL,2020-03-21,35567,3414,1034.0,31119,42934,82690
Case_783,Brazil,DL,2020-01-10,87029,1611,47959.0,37459,112987,82499
Case_784,Germany,RJ,2020-07-23,87526,966,24030.0,62530,96206,12177
Case_785,Spain,RJ,2020-04-17,31690,2113,2017.0,27560,15112,40525
Case_786,uk,DL,2020-05-07,69562,4107,66329.0,-874,61154,92420
Case_787,France,TN,2020-01-01,85525,885,30977.0,53663,179213,44722
Case_788,Brazil,KA,2020-11-10,49395,4305,31085.0,14005,81492,95153
Case_789,Spain,GJ,2020-02-29,79319,3981,,35901,118881,57890
Case_790,UK,UP,2020-08-18,78641,1606,69914.0,7121,25629,32115
Case_791,France,KA,2020-09-25,27018,224,12799.0,13995,112434,90277
Case_792,Brazil,TN,2020-08-10,45733,678,908.0,44147,135550,24108
Case_793,Italy,DL,2020-08-09,48238,3061,14656.0,30521,104637,56825
Case_794,Germany,RJ,2020-06-08,60541,3317,44377.0,12847,82716,99967
Case_795,France,TN,2020-06-11,11551,4143,2701.0,4707,24961,71527
Case_796,Germany,TN,2020-11-15,42501,663,25191.0,16647,5724,86532
Case_797,France,UP,2020-05-07,50420,3635,34194.0,12591,135464,40603
Case_798,Germany,UP,2020-08-16,90216,3767,14568.0,71881,113555,5035
Case_799,India,GJ,2020-08-17,44094,1284,34616.0,8194,133120,69737
Case_800,Germany,RJ,2020-11-20,1021,2457,32.0,-1468,137171,65347
Case_801,UK,PB,2020-04-24,90747,4066,60688.0,25993,174592,57381
Case_802,Italy,KA,2020-11-10,57216,909,,4232,10570,89981
Case_803,Spain,RJ,2020-01-15,78189,2650,2452.0,73087,61950,67450
Case_804,Germany,TN,2020-05-28,78514,4040,39810.0,34664,197375,29920
Case_805,UK,KA,2020-08-20,95809,12,17625.0,78172,69756,23509
Case_806,India,DL,2020-10-04,,1055,24340.0,19067,75222,78958
Case_807,France,DL,2020-04-30,69746,4849,68376.0,-3479,101306,75662
Case_808,USA,RJ,2020-04-11,40176,4580,28445.0,7151,114102,6891
Case_809,Italy,DL,2020-07-09,31897,4241,9350.0,18306,81640,25936
Case_810,Brazil,DL,2020-07-08,77840,4533,17091.0,56216,137856,34682
Case_811,Italy,PB,2020-03-05,96455,1982,64349.0,30124,100411,59845
Case_812,Spain,UP,2020-07-26,88124,3052,9179.0,75893,20509,79776
Case_813,Brazil,GJ,2020-09-19,32002,1448,30845.0,-291,1277,61059
Case_814,Spain,DL,2020-09-24,28867,518,27860.0,489,72883,39214
Case_815,Spain,UP,2020-09-29,12223,772,9544.0,1907,102413,99954
Case_816,UK,TN,2020-11-14,26865,4794,1132.0,20939,71863,85740
Case_817,USA,DL,2020-12-08,52346,1866,24910.0,25570,191602,37510
Case_818,France,MH,2020-06-17,21490,4990,12522.0,3978,91847,75833
Case_819,France,UP,2020-06-01,87932,1630,35800.0,50502,37102,72764
Case_820,USA,UP,2020-01-30,82865,1268,25140.0,56457,65764,15287
Case_821,Spain,DL,2020-01-07,36927,1142,2853.0,32932,23327,74194
Case_822,USA,RJ,2020-12-17,8397,4102,6655.0,-2360,32059,45335
Case_823,USA,DL,2020-03-06,92378,980,7576.0,83822,91835,14295
Case_824,Italy,DL,2020-10-20,14327,2531,9968.0,1828,23736,51572
Case_825,France,RJ,2020-01-16,24683,3215,5273.0,16195,113660,61487
Case_826,Spain,GJ,2020-10-03,38627,3849,10284.0,24494,2240,97261
Case_827,India,GJ,2020-09-20,19353,4489,911.0,13953,193548,92455
Case_828,Italy,GJ,2020-07-29,23499,-1320,22518.0,-339,195940,22739
Case_829,India,MH,2020-09-18,93322,2224,7630.0,83468,112043,64229
Case_830,Italy,MH,2020-04-10,90785,3070,2993.0,84722,163892,36819
Case_831,Spain,GJ,2020-05-14,58510,2601,51533.0,4376,53390,43829
Case_832,brazil,TN,2020-07-27,27496,780,10511.0,16205,134837,83516
Case_833,usa,PB,2020-07-04,,560,7722.0,65881,162814,39329
Case_834,USA,GJ,2020-04-08,3408,3214,1713.0,-1519,81531,76842
Case_835,India,MH,2020-02-01,69705,3099,67340.0,-734,117878,79413
Case_836,Brazil,GJ,2020-02-10,92378,683,,48980,190963,18249
Case_837,Brazil,DL,2020-10-14,7475,570,6820.0,85,122904,79875
Case_838,USA,RJ,2020-06-02,75899,3904,38239.0,33756,61484,96955
Case_839,USA,TN,2020-02-29,54995,3044,18022.0,33929,7276,72773
Case_840,India,RJ,2020-03-07,47945,3371,8434.0,36140,110418,54355
Case_841,USA,PB,2020-11-25,55556,2632,43228.0,9696,144457,79756
Case_842,France,UP,2020-01-19,7094,3619,6819.0,-3344,127197,44063
Case_843,Spain,MH,2020-05-17,53277,3488,33719.0,16070,41166,48213
Case_844,USA,TN,2020-08-10,94934,3795,59467.0,31672,149692,39136
Case_845,France,RJ,2020-07-29,47516,857,12536.0,34123,7033,21855
Case_846,Brazil,GJ,2020-05-29,86794,4303,59875.0,22616,153822,55258
Case_847,Brazil,MH,2020-12-22,58183,4196,11083.0,42904,1123,9901
Case_848,Italy,TN,2020-01-13,38648,19,6988.0,31641,162555,76372
Case_849,uk,TN,2020-11-15,31460,681,12197.0,18582,79110,69238
Case_850,Brazil,KA,2020-02-21,17291,2207,4912.0,10172,18092,72586
Case_851,France,TN,2020-05-28,88803,1272,24475.0,63056,1845,48886
Case_852,France,DL,2020-09-10,66854,2648,44151.0,20055,146157,83502
Case_853,UK,RJ,2020-07-18,59506,477,4153.0,54876,50809,32174
Case_854,india,GJ,2020-02-07,5847,4332,4992.0,-3477,105521,34563
Case_855,Germany,DL,2020-11-15,62399,244,61827.0,328,193436,89264
Case_856,UK,KA,2020-11-03,75071,2945,36327.0,35799,35224,21538
Case_857,USA,UP,2020-08-29,27431,1215,15581.0,10635,24278,39128
Case_858,Spain,DL,2020-05-25,42887,2292,2698.0,37897,195638,70402
Case_859,France,KA,2020-02-20,91691,1931,47966.0,41794,183541,84006
Case_860,Spain,DL,2020-01-01,75079,2142,15343.0,57594,123100,14392
Case_861,France,DL,2020-06-30,46098,960,38468.0,6670,139170,79797
Case_862,France,RJ,2020-10-30,47959,1482,918.0,45559,28659,58742
Case_863,Brazil,RJ,2020-02-22,77752,270,54229.0,23253,168181,23214
Case_864,Italy,UP,2020-11-13,49285,2426,1015.0,45844,143925,10433
Case_865,brazil,GJ,2020-10-30,95308,909,24548.0,69851,121197,18326
Case_866,USA,KA,2020-10-24,70897,2927,26126.0,41844,54596,16544
Case_867,Germany,KA,2020-07-18,,434,46228.0,30141,49936,60195
Case_868,Brazil,TN,2020-01-16,68913,4616,,46907,113961,86773
Case_869,UK,PB,2020-06-11,3234,2746,273.0,215,157065,3420
Case_870,UK,MH,2020-05-16,,2565,48832.0,1828,71322,76621
Case_871,germany,DL,2020-03-03,31567,450,20902.0,10215,40373,2636
Case_872,Brazil,TN,2020-05-21,90955,2561,85680.0,2714,28003,82697
Case_873,Italy,KA,2020-10-19,63495,4712,21360.0,37423,172552,13761
Case_874,Brazil,DL,2020-07-26,97867,2761,90426.0,4680,43838,88069
Case_875,Brazil,RJ,2020-08-16,85051,2220,68931.0,13900,134340,96101
Case_876,Spain,TN,2020-01-30,85816,1976,52725.0,31115,94877,2572
Case_877,Germany,RJ,2020-09-02,,4946,31905.0,28865,111140,42041
Case_878,USA,KA,2020-05-07,47609,4797,42672.0,140,191287,66962
Case_879,Italy,PB,2020-09-04,12194,2022,11260.0,-1088,172763,9159
Case_880,Brazil,PB,2020-10-05,84963,2998,77257.0,4708,184947,15860
Case_881,Italy,GJ,2020-07-07,42014,189,5792.0,36033,72369,12844
Case_882,USA,KA,2020-07-27,62144,2170,53113.0,6861,20264,53004
Case_883,France,PB,2020-02-08,81253,4556,26560.0,50137,60891,83700
Case_884,UK,RJ,2020-12-05,11563,3044,10014.0,-1495,122084,93018
Case_885,India,RJ,2020-06-04,8324,2146,2021.0,4157,152354,75097
Case_886,Italy,DL,2020-04-20,73257,831,43337.0,29089,114618,94570
Case_887,UK,MH,2020-02-24,72791,510,10547.0,61734,73047,28583
Case_888,Germany,DL,2020-11-22,66192,4721,31519.0,29952,63577,14767
Case_889,italy,UP,2020-09-24,76157,3662,67646.0,4849,14434,17245
Case_890,Germany,GJ,2020-10-06,34465,1453,14595.0,18417,14142,99949
Case_891,Brazil,KA,2020-10-08,480,4389,218.0,-4127,160315,41313
Case_892,Italy,MH,2020-11-05,5482,3562,2139.0,-219,166482,48851
Case_893,India,GJ,2020-08-25,83158,4086,5000.0,74072,137099,69126
Case_894,USA,KA,2020-09-14,55304,1490,50429.0,3385,139860,9038
Case_895,Brazil,DL,2020-12-02,73052,262,69601.0,3189,21200,3823
Case_896,Germany,UP,2020-11-28,8256,930,213.0,7113,172430,25179
Case_897,Italy,GJ,2020-08-29,25592,1800,12646.0,11146,20864,46311
Case_898,India,DL,2020-04-18,36279,4653,18869.0,12757,103680,17199
Case_899,Germany,UP,2020-07-04,68391,1999,11650.0,54742,66587,93705
Case_900,Italy,DL,2020-06-14,41352,69,8006.0,33277,9869,90646
Case_901,Italy,UP,2020-12-27,12107,4626,,2420,35923,67911
Case_902,Germany,MH,2020-10-17,51368,2612,32375.0,16381,187223,39584
Case_903,Brazil,MH,2020-11-18,73356,3130,11958.0,58268,107656,35120
Case_904,UK,UP,2020-08-26,60205,1719,26253.0,32233,148310,65138
Case_905,USA,PB,2020-02-29,43704,3394,22747.0,17563,15768,52902
Case_906,Brazil,PB,2020-12-26,29757,1364,8186.0,20207,124973,24444
Case_907,Italy,MH,2020-03-07,64391,2831,24046.0,37514,98650,3166
Case_908,India,PB,2020-08-29,2715,1245,2313.0,-843,140226,28500
Case_909,UK,GJ,2020-11-25,33518,207,4602.0,28709,160268,55692
Case_910,India,MH,2020-10-06,39009,-86,27927.0,10996,110637,25258
Case_911,Italy,GJ,2020-10-16,5347,3385,1634.0,328,157098,24399
Case_912,France,MH,2020-08-15,64077,1469,21760.0,40848,127326,28774
Case_913,Germany,RJ,2020-08-01,,1877,3424.0,52923,172009,53877
Case_914,Spain,MH,2020-04-20,,2166,20957.0,4256,56235,69436
Case_915,Brazil,RJ,2020-07-25,91866,3712,66357.0,21797,197722,61260
Case_916,France,MH,2020-12-23,12625,1884,6632.0,4109,116705,46103
Case_917,France,RJ,2020-09-25,52712,1807,13804.0,37101,196323,86847
Case_918,India,RJ,2020-09-21,20482,1962,5019.0,13501,188826,20462
Case_919,UK,PB,2020-10-08,53299,1334,36120.0,15845,155042,72911
Case_920,Spain,GJ,2020-09-17,34955,238,5735.0,28982,171133,44278
Case_921,Brazil,PB,2020-09-11,32265,4977,21423.0,5865,34557,1020
Case_922,Germany,RJ,2020-02-15,85601,3308,80620.0,1673,118927,15282
Case_923,Germany,TN,2020-01-19,20060,3905,3800.0,12355,37902,90319
Case_924,Brazil,KA,2020-03-16,82805,4790,79563.0,-1548,165293,69742
Case_925,Brazil,MH,2020-09-13,54055,4757,30417.0,18881,187419,93297
Case_926,Italy,GJ,2020-08-18,38848,3075,,34821,74147,81537
Case_927,UK,RJ,2020-01-10,17143,2840,13522.0,781,156206,36531
Case_928,Germany,GJ,2020-12-05,38506,4425,,10736,18682,96429
Case_929,USA,RJ,2020-03-19,63830,-4034,5866.0,53930,32794,94429
Case_930,USA,UP,2020-04-28,41592,4678,29612.0,7302,188238,89124
Case_931,Brazil,GJ,2020-07-15,10607,1700,7616.0,1291,161114,96495
Case_932,Spain,MH,2020-10-03,92418,2990,19077.0,70351,157620,36454
Case_933,UK,TN,2020-10-19,71213,14,,7622,69573,65132
Case_934,UK,GJ,2020-09-24,23730,-4680,20067.0,-1017,61848,75858
Case_935,USA,KA,2020-02-05,,70,11559.0,9743,77441,79604
Case_936,India,MH,2020-06-01,16885,4260,16628.0,-4003,150081,16351
Case_937,France,PB,2020-03-03,25001,451,15079.0,9471,182172,13639
Case_938,Germany,UP,2020-06-05,,3607,23262.0,10354,53342,66678
Case_939,Italy,MH,2020-01-09,21933,3580,,-772,165337,88669
Case_940,Italy,PB,2020-06-22,99653,-242,56682.0,42729,64879,88337
Case_941,Brazil,UP,2020-04-13,87399,3495,70570.0,13334,137504,8814
Case_942,India,RJ,2020-06-26,41387,3967,9558.0,27862,183105,41658
Case_943,India,TN,2020-08-13,81562,1626,39392.0,40544,178862,85635
Case_944,USA,PB,2020-02-01,83210,565,23666.0,58979,111614,23167
Case_945,India,GJ,2020-01-16,,3053,61137.0,23309,36095,40506
Case_946,France,GJ,2020-03-07,154,2679,2.0,-2527,126317,70316
Case_947,USA,DL,2020-08-25,84855,2013,1922.0,80920,12857,90051
Case_948,USA,PB,2020-11-09,17729,640,9142.0,7947,28110,9215
Case_949,Italy,TN,2020-06-10,2683,3346,2623.0,-3286,104411,68869
Case_950,India,KA,2020-11-23,756,4238,,-3902,43521,34152
Case_951,France,DL,2020-02-24,77683,2194,75386.0,103,75924,79071
Case_952,Brazil,GJ,2020-06-25,82186,4334,1386.0,76466,180484,85067
Case_953,India,UP,2020-05-11,70836,81,3069.0,67686,42596,40026
Case_954,Italy,RJ,2020-08-17,49767,2540,40532.0,6695,138151,59882
Case_955,Germany,RJ,2020-09-16,21159,1558,,12892,120757,33768
Case_956,Spain,TN,2020-11-16,5048,2375,3989.0,-1316,96668,94894
Case_957,Germany,DL,2020-08-27,,1928,2332.0,2120,3691,20118
Case_958,USA,GJ,2020-10-14,8031,334,7976.0,-279,188538,9566
Case_959,India,TN,2020-08-03,25549,1807,19188.0,4554,114470,47794
Case_960,UK,GJ,2020-03-18,95799,3778,66625.0,25396,164492,18110
Case_961,Germany,RJ,2020-04-11,93453,2753,79123.0,11577,4636,72008
Case_962,India,RJ,2020-08-08,20187,2274,14886.0,3027,28562,50149
Case_963,Italy,GJ,2020-12-29,33840,1662,23209.0,8969,151996,19351
Case_964,USA,MH,2020-03-17,52773,2923,40726.0,9124,137452,92404
Case_965,UK,PB,2020-09-21,24880,548,238.0,24094,193461,66275
Case_966,UK,PB,2020-06-21,96678,1419,19209.0,76050,123976,1097
Case_967,India,DL,2020-09-18,414,1324,285.0,-1195,86158,58756
Case_968,India,TN,2020-09-02,,341,4655.0,2801,94048,97084
Case_969,USA,UP,2020-01-04,,3853,81776.0,5007,40555,6765
Case_970,Italy,PB,2020-08-13,85348,996,42056.0,42296,69810,46198
Case_971,Brazil,UP,2020-01-16,90409,3581,65180.0,21648,31821,76339
Case_972,Italy,RJ,2020-07-23,79871,2515,38456.0,38900,82719,76663
Case_973,Brazil,PB,2020-05-17,12752,1031,2741.0,8980,54164,40965
Case_974,UK,GJ,2020-06-23,71007,1605,15602.0,53800,38554,39872
Case_975,UK,MH,2020-12-09,41376,2155,11764.0,27457,143453,38653
Case_976,Brazil,MH,2020-06-20,15640,1042,6093.0,8505,36181,35535
Case_977,Germany,KA,2020-05-08,92086,378,89026.0,2682,185193,62310
Case_978,UK,GJ,2020-01-20,94569,2886,10883.0,80800,176241,47748
Case_979,India,PB,2020-03-03,,174,9216.0,386,101688,37898
Case_980,Spain,RJ,2020-11-22,18713,403,13009.0,5301,115368,98653
Case_981,Germany,KA,2020-03-14,94495,3777,10292.0,80426,79912,41412
Case_982,India,TN,2020-09-02,38001,3757,27286.0,6958,69829,93718
Case_983,Spain,PB,2020-12-19,43574,233,13945.0,29396,41216,20466
Case_984,USA,MH,2020-10-06,10906,1246,4338.0,5322,32886,77689
Case_985,Germany,GJ,2020-02-08,74431,2566,17237.0,54628,110355,42191
Case_986,Germany,KA,2020-12-05,44406,1340,39574.0,3492,29950,81223
Case_987,Italy,DL,2020-10-20,89812,3640,6759.0,79413,129890,65483
Case_988,Brazil,RJ,2020-12-30,88541,2522,43498.0,42521,184791,50890
Case_989,Spain,UP,2020-04-20,74522,1285,58296.0,14941,182835,80911
Case_990,Brazil,PB,2020-10-07,20920,486,18386.0,2048,163157,38222
Case_991,India,PB,2020-09-14,74856,3861,53786.0,17209,141672,83388
Case_992,Brazil,TN,2020-03-15,86836,3428,56713.0,26695,184359,12414
Case_993,India,GJ,2020-06-05,8795,4965,335.0,3495,123718,10736
Case_994,France,UP,2020-01-09,81733,26,44503.0,37204,46060,46882
Case_995,France,RJ,2020-11-11,59015,3147,17119.0,38749,176635,8772
Case_996,germany,TN,2020-01-28,45688,87,37491.0,8110,34408,32978
Case_997,Spain,UP,2020-02-14,67381,3766,66702.0,-3087,137245,73919
Case_998,India,KA,2020-04-27,76511,71,61203.0,15237,116006,82940
Case_999,UK,GJ,2020-01-22,12745,2810,10333.0,-398,104281,21906
Case_1000,Germany,UP,2020-02-24,,3944,68604.0,-3866,79405,73442
